variant,net,gross,hits,transfers,auto_subs,sub_gws,engine_rejects,max_solve_s,mean_solve_s,secs,season,budget,preds,file
single1,2106,2106,0,37,19,16,0,1.07,0.401578947368421,17,2023-24,1000,blend,replay_2023-24.csv
single,2212,2360,148,74,16,12,0,0.58,0.3713157894736842,16,2023-24,1000,blend,replay_2023-24.csv
h2:m2:f1.5,2139,2243,104,63,14,13,0,3.11,1.1339473684210526,45,2023-24,1000,blend,replay_2023-24.csv
h3:m4,2114,2198,84,58,15,12,0,11.58,2.073421052631579,80,2023-24,1000,blend,replay_2023-24.csv
h4:m4,2062,2182,120,67,18,16,0,29.63,3.952368421052631,152,2023-24,1000,blend,replay_2023-24.csv
h4:m2:f1.5,2086,2330,244,98,18,15,0,20.78,3.756578947368421,145,2023-24,1000,blend,replay_2023-24.csv
h2:m4,1964,2004,40,47,22,18,0,2.85,1.1339473684210528,45,2023-24,1000,blend,replay_2023-24.csv
h3:m2:f1.5,2131,2323,192,85,19,16,0,7.14,2.263157894736842,88,2023-24,1000,blend,replay_2023-24.csv
h4,1951,2371,420,142,17,13,0,14.88,3.9634210526315785,152,2023-24,1000,blend,replay_2023-24.csv
single:ctc7-wc11-bb12-fh18-fh29-wc33-bb34-tc37,2303,2431,128,116,13,11,0,0.71,0.3871052631578948,17,2023-24,1000,blend,replay_2023-24_chips.csv
h2:m2:f1.5:ctc7-wc11-bb12-fh18-fh29-wc33-bb34-tc37,2413,2509,96,107,22,17,0,4.23,1.077105263157895,43,2023-24,1000,blend,replay_2023-24_chips.csv
h3:m4:ctc7-wc11-bb12-fh18-fh29-wc33-bb34-tc37,2340,2400,60,99,21,18,0,3.45,1.5639473684210523,61,2023-24,1000,blend,replay_2023-24_chips.csv
h4:m4:ctc7-wc11-bb12-fh18-fh29-wc33-bb34-tc37,2338,2430,92,108,20,17,0,9.48,2.5626315789473684,99,2023-24,1000,blend,replay_2023-24_chips.csv
h2:x0,1902,1902,0,37,26,20,0,2.2,1.0626315789473686,42,2023-24,1000,blend,replay_2023-24_chips.csv
h4:x0,2065,2065,0,37,24,20,0,12.18,3.271052631578948,126,2023-24,1000,blend,replay_2023-24_chips.csv
h1:x0,2069,2069,0,37,23,19,0,7.72,0.8726315789473683,35,2023-24,1000,blend,replay_2023-24_nohit.csv
h3:x0,2066,2066,0,37,21,16,0,3.72,1.7323684210526316,67,2023-24,1000,blend,replay_2023-24_nohit.csv
h2:m8,1902,1902,0,37,26,20,0,3.58,1.1365789473684214,45,2023-24,1000,blend,replay_2023-24_nohit.csv
h2:x0:f1,1902,1902,0,37,25,20,0,2.47,1.0684210526315787,42,2023-24,1000,blend,replay_2023-24_nohit.csv
h2:x0:ctc7-wc11-bb12-fh18-fh29-wc33-bb34-tc37,2307,2307,0,83,23,19,0,2.18,1.1163157894736842,44,2023-24,1000,blend,replay_2023-24_nohit.csv
h3:x0:ctc7-wc11-bb12-fh18-fh29-wc33-bb34-tc37,2340,2340,0,84,20,18,0,3.77,1.719473684210526,67,2023-24,1000,blend,replay_2023-24_nohit.csv
single1,2138,2138,0,37,26,22,0,0.61,0.3713157894736842,16,2024-25,1000,row,replay_2024-25_a.csv
single,2191,2267,76,56,20,16,0,0.62,0.3642105263157895,15,2024-25,1000,row,replay_2024-25_a.csv
h1,2150,2274,124,68,25,18,0,1.29,0.6944736842105265,28,2024-25,1000,row,replay_2024-25_a.csv
h2,2197,2449,252,100,21,17,0,4.06,1.255,49,2024-25,1000,row,replay_2024-25_a.csv
h3,2137,2433,296,111,21,20,0,6.83,2.607368421052631,102,2024-25,1000,row,replay_2024-25_a.csv
h4,2083,2455,372,130,20,18,0,9.26,2.9502631578947374,115,2024-25,1000,row,replay_2024-25_a.csv
h4:m2,2168,2344,176,81,19,17,0,18.24,3.637368421052632,140,2024-25,1000,row,replay_2024-25_b.csv
h4:m4,2282,2398,116,66,22,17,0,10.77,3.3307894736842103,128,2024-25,1000,row,replay_2024-25_b.csv
h4:f2,2078,2458,380,132,21,17,0,15.05,3.14,121,2024-25,1000,row,replay_2024-25_b.csv
h4:m2:f1.5,2208,2384,176,81,23,19,0,20.6,3.3078947368421048,127,2024-25,1000,row,replay_2024-25_b.csv
h4:m4:f2,2256,2376,120,67,20,16,0,25.96,3.26921052631579,126,2024-25,1000,row,replay_2024-25_b.csv
h3:m2:f1.5,2262,2418,156,76,20,14,0,13.4,2.196052631578948,85,2024-25,1000,row,replay_2024-25_b.csv
h2:m2:f1.5,2251,2351,100,62,22,20,0,4.03,1.170263157894737,46,2024-25,1000,row,replay_2024-25_b.csv
h1:m2,2248,2276,28,44,13,12,0,1.22,0.7092105263157895,28,2024-25,1000,row,replay_2024-25_b.csv
h4:d0.7:m2:f1.5,2277,2401,124,68,24,16,0,13.78,3.518684210526316,135,2024-25,1000,row,replay_2024-25_b.csv
h4:bfixed:m2:f1.5,2214,2386,172,80,18,15,0,12.14,3.15421052631579,121,2024-25,1000,row,replay_2024-25_b.csv
h1:m4,2146,2150,4,38,25,22,0,1.37,0.6955263157894738,28,2024-25,1000,row,replay_2024-25_c.csv
h1:bfixed:m2,2166,2194,28,44,22,15,0,1.38,0.7147368421052631,29,2024-25,1000,row,replay_2024-25_c.csv
h2:m4,2250,2290,40,47,27,19,0,2.99,1.3539473684210528,53,2024-25,1000,row,replay_2024-25_c.csv
h3:m4,2265,2321,56,51,19,14,0,8.82,2.132368421052631,83,2024-25,1000,row,replay_2024-25_c.csv
h4:m6,2287,2323,36,46,23,17,0,12.18,3.671842105263158,141,2024-25,1000,row,replay_2024-25_c.csv
h4:bfixed:m4,2244,2312,68,54,22,20,0,19.39,3.3655263157894733,129,2024-25,1000,row,replay_2024-25_c.csv
h4:d0.7:m4,2194,2258,64,53,21,16,0,9.35,3.503684210526316,135,2024-25,1000,row,replay_2024-25_c.csv
single:ctc7-wc11-bb12-fh18-tc25-fh29-wc32-bb33,2296,2364,68,101,17,11,0,0.5,0.3578947368421053,15,2024-25,1000,blend,replay_2024-25_chips.csv
h2:m2:f1.5:ctc7-wc11-bb12-fh18-tc25-fh29-wc32-bb33,2293,2361,68,99,23,19,0,2.47,1.1349999999999998,45,2024-25,1000,blend,replay_2024-25_chips.csv
h3:m4:ctc7-wc11-bb12-fh18-tc25-fh29-wc32-bb33,2245,2273,28,88,19,16,0,4.83,1.7752631578947369,69,2024-25,1000,blend,replay_2024-25_chips.csv
h4:m4:ctc7-wc11-bb12-fh18-tc25-fh29-wc32-bb33,2245,2297,52,94,16,14,0,10.64,2.826578947368421,109,2024-25,1000,blend,replay_2024-25_chips.csv
single,2174,2278,104,63,21,16,0,0.52,0.3531578947368421,15,2024-25,1000,blend,replay_2024-25_chips.csv
h2:m2:f1.5,2249,2357,108,64,23,20,0,3.22,1.2084210526315788,47,2024-25,1000,blend,replay_2024-25_chips.csv
h2:x0,2337,2337,0,37,22,19,0,2.4,1.1294736842105266,44,2024-25,1000,blend,replay_2024-25_chips.csv
h4:x0,2188,2188,0,37,21,17,0,10.27,2.9231578947368417,112,2024-25,1000,blend,replay_2024-25_chips.csv
h1:x0,2131,2131,0,37,23,21,0,1.25,0.624736842105263,25,2024-25,1000,blend,replay_2024-25_nohit.csv
h3:x0,2122,2122,0,37,18,17,0,4.57,1.7878947368421052,69,2024-25,1000,blend,replay_2024-25_nohit.csv
h2:m8,2337,2337,0,37,22,19,0,2.62,1.1576315789473686,45,2024-25,1000,blend,replay_2024-25_nohit.csv
h2:x0:f1,2337,2337,0,37,21,19,0,9.42,1.4847368421052631,58,2024-25,1000,blend,replay_2024-25_nohit.csv
h2:x0:ctc7-wc11-bb12-fh18-tc25-fh29-wc32-bb33,2241,2241,0,81,25,22,0,3.05,1.2726315789473683,50,2024-25,1000,blend,replay_2024-25_nohit.csv
h3:x0:ctc7-wc11-bb12-fh18-tc25-fh29-wc32-bb33,2245,2245,0,82,25,21,0,5.03,1.756052631578947,68,2024-25,1000,blend,replay_2024-25_nohit.csv
single1,2080,2080,0,37,18,13,0,1.63,0.4497368421052631,19,2025-26,1000,row,replay_2025-26_a.csv
single,2219,2331,112,65,16,14,0,0.92,0.4294736842105262,18,2025-26,1000,row,replay_2025-26_a.csv
h1,2149,2285,136,71,16,11,0,1.63,0.7213157894736842,29,2025-26,1000,row,replay_2025-26_a.csv
h2,2132,2348,216,91,19,16,0,2.62,1.5847368421052632,62,2025-26,1000,row,replay_2025-26_a.csv
h3,2112,2408,296,111,12,9,0,12.79,3.753947368421053,145,2025-26,1000,row,replay_2025-26_a.csv
h4,2085,2421,336,121,9,8,0,29.75,5.739473684210527,220,2025-26,1000,row,replay_2025-26_a.csv
h4:m4,2208,2296,88,59,11,9,0,19.52,6.869473684210527,263,2025-26,1000,row,replay_2025-26_b.csv
h4:m4:f2,2196,2300,104,63,14,12,0,15.66,5.077368421052631,197,2025-26,1000,row,replay_2025-26_b.csv
h3:m2:f1.5,2139,2307,168,79,22,19,0,6.89,2.937894736842105,113,2025-26,1000,row,replay_2025-26_b.csv
h2:m2:f1.5,2284,2352,68,54,23,17,0,3.89,1.8284210526315796,71,2025-26,1000,row,replay_2025-26_b.csv
h4:m2:f1.5,2259,2439,180,82,9,6,0,34.14,5.545789473684211,213,2025-26,1000,row,replay_2025-26_b.csv
h4:m6,2123,2171,48,49,17,12,0,19.21,5.971578947368421,229,2025-26,1000,row,replay_2025-26_b.csv
h3:m4,2242,2306,64,53,16,13,0,7.67,3.0073684210526315,116,2025-26,1000,row,replay_2025-26_b.csv
h1:m2,2100,2124,24,43,18,13,0,1.77,0.7205263157894737,29,2025-26,1000,row,replay_2025-26_b.csv
h4:bfixed:m4,2232,2300,68,54,21,18,0,29.56,6.637105263157895,254,2025-26,1000,row,replay_2025-26_b.csv
h4:d0.7:m4,2246,2270,24,43,16,14,0,13.6,4.863684210526315,187,2025-26,1000,row,replay_2025-26_b.csv
single:ctc7-wc11-bb12-fh18-tc26-fh31-wc32-bb33,2269,2369,100,101,17,15,0,0.65,0.4126315789473684,18,2025-26,1000,blend,replay_2025-26_chips.csv
h2:m2:f1.5:ctc7-wc11-bb12-fh18-tc26-fh31-wc32-bb33,2268,2352,84,103,22,16,0,3.74,1.5918421052631582,62,2025-26,1000,blend,replay_2025-26_chips.csv
h3:m4:ctc7-wc11-bb12-fh18-tc26-fh31-wc32-bb33,2353,2413,60,96,24,17,0,10.75,3.3097368421052638,128,2025-26,1000,blend,replay_2025-26_chips.csv
h4:m4:ctc7-wc11-bb12-fh18-tc26-fh31-wc32-bb33,2346,2426,80,103,17,14,0,45.77,6.75,258,2025-26,1000,blend,replay_2025-26_chips.csv
single,2211,2323,112,65,14,13,0,0.63,0.385,16,2025-26,1000,blend,replay_2025-26_chips.csv
h2:m2:f1.5,2286,2370,84,58,23,18,0,4.06,1.8852631578947368,73,2025-26,1000,blend,replay_2025-26_chips.csv
h2:x0,2190,2190,0,37,12,11,0,2.74,1.4942105263157897,59,2025-26,1000,blend,replay_2025-26_chips.csv
h4:x0,2108,2108,0,37,12,11,0,12.24,4.523947368421053,174,2025-26,1000,blend,replay_2025-26_chips.csv
h1:x0,2094,2094,0,37,21,15,0,1.44,0.6705263157894737,27,2025-26,1000,blend,replay_2025-26_nohit.csv
h3:x0,2169,2169,0,37,26,20,0,6.51,2.678684210526316,103,2025-26,1000,blend,replay_2025-26_nohit.csv
h2:m8,2190,2190,0,37,12,11,0,3.07,1.516315789473684,59,2025-26,1000,blend,replay_2025-26_nohit.csv
h2:x0:f1,2190,2190,0,37,12,11,0,2.87,1.4876315789473682,58,2025-26,1000,blend,replay_2025-26_nohit.csv
h2:x0:ctc7-wc11-bb12-fh18-tc26-fh31-wc32-bb33,2207,2207,0,81,19,17,0,3.16,1.581315789473684,62,2025-26,1000,blend,replay_2025-26_nohit.csv
h3:x0:ctc7-wc11-bb12-fh18-tc26-fh31-wc32-bb33,2245,2245,0,78,22,15,0,6.98,2.3857894736842105,92,2025-26,1000,blend,replay_2025-26_nohit.csv
single,2262,2402,140,72,21,17,0,0.53,0.3500000000000001,15,2023-24,980,blend,robust_2023-24_b980.csv
single1,2070,2070,0,37,21,19,0,0.55,0.363421052631579,15,2023-24,980,blend,robust_2023-24_b980.csv
h2:x0,2087,2087,0,37,21,19,0,1.97,0.9886842105263158,39,2023-24,980,blend,robust_2023-24_b980.csv
h2:m2:f1.5,2135,2243,108,64,14,13,0,2.73,1.0176315789473684,40,2023-24,980,blend,robust_2023-24_b980.csv
h3:m4,2110,2198,88,59,15,12,0,10.67,1.9621052631578948,76,2023-24,980,blend,robust_2023-24_b980.csv
h3:x0,2026,2026,0,37,24,22,0,4.75,1.726052631578947,67,2023-24,980,blend,robust_2023-24_b980.csv
single,2207,2351,144,73,21,16,0,0.79,0.3952631578947368,17,2023-24,990,blend,robust_2023-24_b990.csv
single1,2070,2070,0,37,21,19,0,0.55,0.3776315789473684,16,2023-24,990,blend,robust_2023-24_b990.csv
h2:x0,2087,2087,0,37,21,19,0,2.09,0.9655263157894736,38,2023-24,990,blend,robust_2023-24_b990.csv
h2:m2:f1.5,2135,2243,108,64,14,13,0,7.84,1.3065789473684208,51,2023-24,990,blend,robust_2023-24_b990.csv
h3:m4,2110,2198,88,59,15,12,0,11.67,2.166842105263157,85,2023-24,990,blend,robust_2023-24_b990.csv
h3:x0,2137,2137,0,37,25,20,0,5.74,1.6928947368421052,66,2023-24,990,blend,robust_2023-24_b990.csv
single,2163,2267,104,63,18,13,0,0.55,0.345,15,2024-25,980,blend,robust_2024-25_b980.csv
single1,2211,2211,0,37,27,22,0,0.65,0.3702631578947369,16,2024-25,980,blend,robust_2024-25_b980.csv
h2:x0,2331,2331,0,37,26,22,0,2.53,1.1555263157894735,46,2024-25,980,blend,robust_2024-25_b980.csv
h2:m2:f1.5,2134,2234,100,62,18,16,0,3.96,1.3471052631578946,53,2024-25,980,blend,robust_2024-25_b980.csv
h3:m4,2243,2287,44,48,20,15,0,7.57,1.8821052631578947,73,2024-25,980,blend,robust_2024-25_b980.csv
h3:x0,2107,2107,0,37,23,20,0,4.66,1.7660526315789478,69,2024-25,980,blend,robust_2024-25_b980.csv
single,2163,2267,104,63,18,13,0,0.61,0.3889473684210526,17,2024-25,990,blend,robust_2024-25_b990.csv
single1,2211,2211,0,37,27,22,0,0.7,0.3721052631578948,16,2024-25,990,blend,robust_2024-25_b990.csv
h2:x0,2331,2331,0,37,26,22,0,2.35,1.1373684210526316,45,2024-25,990,blend,robust_2024-25_b990.csv
h2:m2:f1.5,2134,2234,100,62,18,16,0,8.01,1.6976315789473686,66,2024-25,990,blend,robust_2024-25_b990.csv
h3:m4,2243,2287,44,48,20,15,0,7.95,1.982631578947368,77,2024-25,990,blend,robust_2024-25_b990.csv
h3:x0,2107,2107,0,37,23,20,0,4.54,1.7368421052631575,68,2024-25,990,blend,robust_2024-25_b990.csv
single,2169,2281,112,65,15,14,0,0.7,0.3871052631578948,17,2025-26,980,blend,robust_2025-26_b980.csv
single1,2127,2127,0,37,18,16,0,0.59,0.3857894736842105,16,2025-26,980,blend,robust_2025-26_b980.csv
h2:x0,2202,2202,0,37,19,15,0,2.59,1.393684210526316,55,2025-26,980,blend,robust_2025-26_b980.csv
h2:m2:f1.5,2203,2279,76,56,19,15,0,4.11,1.608684210526316,63,2025-26,980,blend,robust_2025-26_b980.csv
h3:m4,2330,2378,48,49,15,12,0,8.13,2.6942105263157896,104,2025-26,980,blend,robust_2025-26_b980.csv
h3:x0,2256,2256,0,37,20,14,0,5.72,2.3776315789473688,92,2025-26,980,blend,robust_2025-26_b980.csv
single,2173,2293,120,67,14,13,0,0.65,0.41,18,2025-26,990,blend,robust_2025-26_b990.csv
single1,2131,2131,0,37,19,16,0,0.75,0.4002631578947369,17,2025-26,990,blend,robust_2025-26_b990.csv
h2:x0,2162,2162,0,37,21,16,0,3.95,1.6394736842105264,64,2025-26,990,blend,robust_2025-26_b990.csv
h2:m2:f1.5,2296,2376,80,57,23,21,0,3.83,1.6989473684210528,74,2025-26,990,blend,robust_2025-26_b990.csv
h3:m4,2245,2313,68,54,17,13,0,8.28,3.2678947368421056,126,2025-26,990,blend,robust_2025-26_b990.csv
h3:x0,2256,2256,0,37,20,14,0,5.6,2.316052631578947,90,2025-26,990,blend,robust_2025-26_b990.csv
